repeat,1pt,2pt
1,17.3637106999995,19.11222430000271
2,17.8242530000025,19.268364000003203
3,17.781005100001494,19.23759609999979
4,17.812451300000248,19.257808999998815
5,17.76574719999917,19.24219760000051
6,17.703336299997318,19.28229680000004
7,17.79575710000063,19.326551800000743
8,17.72880090000035,19.394836600000417
9,17.949661900001956,19.428120700002182
10,17.933893599998555,19.235173799999757
