repeat,1pt,2pt
1,3.8967262999995,4.079148000000714
